CODIGO ANALISIS;NOMBRE;NIVEL
1;ACTO BIOQUIMICO;6,00
2;ACETONURIA;1,00
4;ACIDIMETRIA GASTRICA, CURVA DE;3,00
5;ACIDO BASE, Estado Acido Base (EAB);20,00
6;ACTH - HORMONA ADRENOCORTICOTROFINA;12,00
7;ADDIS RECUENTO DE;2,00
9;ADRENALINA PLASMATICA CATECOLAMINAS PLASMATICAS;25,00
10;ADRENALINA URINARIA CATECOLAMINA URINARIA;25,00
14;AGLUTININAS del SISTEMA ABO;3,00
15;ALBUMINA (sérica o urinaria - c/u);1,50
16;ALCOHOL DEHIDROGENASA, ADH;10,00
17;ALCOHOL ETILICO -sangre (ALCOHOLEMIA);10,00
18;ALDOLASA;6,00
19;ALDOSTERONA;15,00
20;ALFA FETO PROTEINA;10,00
22;AMILASA - sérica;4,00
23;AMILASA - urinaria;4,00
25;AMINOACIDOS FRACCIONADOS (Cromatografía - por fracción) - c/u;12,50
27;AMINOACIDURIA FRACCIONADA (Cromatografía - por fracción) - c/u;12,50
28;AMNIOTICO, LIQUIDO CELULAS NARANJAS;1,00
29;AMNIOTICO, LIQUIDO (Espectrofotometría - Test de Lisley;5,00
30;AMNIOTICO, LIQUIDO LECITINA - ESFINGOMIELINA;5,00
31;AMONEMIA;20,00
33;ANGIOTENSINA I;30,00
35;ANTIBIOGRAMA;9,00
36;ANTIBIOGRAMA BACILO DE KOCH (7) siete antibióticos;60,00
40;ANTICUERPOS ANTIGLOMERULAR, (IFI);6,00
41;ANTICUERPOS ANTIMENBRANA BASAL, (IFI);6,00
42;ANTICUERPO ANTIMUSCULO LISO (ASMA), (IFI);7,00
46;ANTICUERPOS ANTITIROGLOBULINA;10,00
49;ANTIDESOXIRRIBONUCLEASA - ADNEASA - Anti- DNA;9,00
51;ANTIESTREPTOLISINAS;6,00
53;ANTIFUNGICOS PRUEBA DE SENSIBILIDAD;15,00
55;ANTIMITOCONDRIALES, ANTICUERPOS (AMA);7,00
56;ANTINUCLEARES ANTICUERPOS (FAN / ANA / AAN);7,00
57;ANTITRIPSINA Alfa 1 (o1 AT) - Líq. Pleural o Mat. Fecal o Sérica C/U (por I.D.-Cuantitativa);10,00
58;ANTITROMBINA III - con calibración de tres (3) puntos;30,00
59;ARSENICO (As) - sérico o urinario;20,00
60;ASCORBICO ACIDO SERICO;30,00
63;ANTICUERPOS Anti-HIV (ELISA);11,00
101;BACILOSCOPIA DIRECTA - ZIEHL NEELSEN (por muestra);4,00
102;BACILOSCOPIA Y CULTIVO (por muestra);15,00
103;BACILOSCOPIA, (IFI - por muestra);10,00
104;BACTERIOLOGIA, DIRECTA (Coloración de Gram);3,00
105;BACTERIOLOGICO DIRECTO- CULTIVO E IDENTIFICACION DEL GERMEN;9,00
107;BARBITURICOS - urinarios;17,50
108;BENCE JONES, PROTEINAS de (HPLC / IMF);30,00
110;BILIRRUBINEMIA TOTAL, DIRECTA E INDIRECTA;2,00
111;BILIRRUBINURIA;2,00
120;C3 COMPLEMENTO;5,00
121;C4 COMPLEMENTO;5,00
130;CADENA LIVIANA DE KAPPA LAMBDA - serico (IMF);40,00
131;CADENA LIVIANA KAPPA Y LAMBDA - sérico o urinario;40,00
132;CADMIO (Cd) - urinario;20,00
133;CALCEMIA TOTAL;1,50
134;CALCIO IONICO;4,00
136;CALCIO - urinario;2,00
137;CALCITONINA - sérica;16,00
138;CALCULO URINARIO;12,00
140;CARIOTIPO, MAPA CROMOSOMICO;107,00
141;CAROTENO BETA - sérico;22,00
144;CEA - ANTIGENO CARCINOEMBRIOGENICO;12,50
148;CELULAS NEOPLASICAS - líquidos, exudados, trasudados;9,00
151;CERULOPLASMINA;6,00
152;CETOGENOESTEROIDES - urinarios;5,00
154;CETONEMIA;1,50
164;CITOLOGIA EXFOLIATIVA - VAGINAL HORMONAL (por cada muestra);5,00
167;CITRICO,ACIDO - LIQUIDO SEMINAL (ESTUDIO DEL SEMEN);10,00
168;CLORO - sérico;2,00
169;COAGULACION, TIEMPO DE;1,00
170;COAGULO - RETRACCION DEL;6,00
171;COAGULOGRAMA;8,00
172;COBRE - sérico;20,00
173;COCAINA (Inmunocromatografía/Cromatográfico);17,50
174;COLESTEROL TOTAL;1,50
176;COLONIAS, RECUENTO DE;2,00
177;COMPATIBILIDAD - sangre materna;6,00
178;COMPATIBILIDAD MATRIMONIAL - sanguínea en cónyuges;5,00
179;COMPLEMENTO, ACTIVIDAD TOTAL - COMPLEMENTO 50% LISIS (CH-50);50,00
181;CONCENTRACION DE LIQUIDOS BIOLOGICOS;28,00
183;COOMBS DIRECTA MONOESPECIFICA, PRUEBA DE (C/U);2,00
184;COOMBS DIRECTA, POLIESPECIFICA;2,00
186;COOMBS INDIRECTA;12,00
187;COPROCULTIVO;10,00
188;COPROPORFIRINAS o PORFIRINAS - materia fecal;15,00
189;CORTISOL;10,00
190;CREATINQUINASA - CPK;3,00
191;CREATININA - sérica o urinaria;3,00
192;CREATININA - sérica o urinaria;3,00
193;CREATININA, CLEARENCE DE DEPURACION;5,00
194;CRIOAGLUTININA;1,00
195;CRIOGLOBULINAS;1,00
241;CHAGAS (AD);3,00
242;CHAGAS (HAI);3,00
243;CHAGAS (IFI / ELISA);8,00
244;CHAGAS PARASITEMIA;6,00
245;CHAGAS, SEROLOGIA - CONFIRMATORIO (HAI y ELISA o HAI e IFI);11,00
262;DEHIDROEPIANDROSTERONA, SULFATO - DHEA-S;11,00
264;DESCARTABLE, MATERIAL COMPLEMENTARIO (DMC);2,00
268;DIGOXIN (DIGOXINA);15,00
272;DOMICILIO EN RADIO URBANO - HASTA DOS (2) Kms.;10,00
273;DOMICILIO A MAS DE DOS (2) Kms. - ADICIONAL por c/Km.;3,00
293;EMBARAZO, REACCION INMUNOLOGICA PARA;3,50
295;EOSINOFILOS, RECUENTO DE;1,00
297;ERITROSEDIMENTACION;2,00
298;ESPERMOGRAMA BASICO (EIVE);28,00
300;E2 - ESTRADIOL sérico;10,00
301;ESTRIOL - urinario;13,00
302;ESTRIOL - sérico;13,00
305;ESTRONA - Serica;15,00
307;ETANOL, ALCOHOL ETILICO - urinario (ALCOLURIA);10,00
308;EUGLOBULINAS, TEST DE;5,00
309;EXUDADO NASOFARINGEO CULTIVO;5,00
331;FACTOR DE COAGULACION V;25,00
332;FACTOR DE COAGULACION VII;25,00
333;FACTOR DE COAGULACION VIII;30,00
334;FACTOR DE COAGULACION IX;30,00
335;FACTOR DE COAGULACION X;25,00
337;FENILALANINA CONFIRMATORIO (HPLC);30,00
338;FENILALANINA, NEONATAL (PKU);7,00
340;FENILPIRUVICO, ACIDO - urinario (cualitativo);10,00
342;FENOTIAZINAS;15,00
343;FERREMIA (Fe);2,00
344;FIBRINOGENO, PRODUCTOS DE DEGRADACION - PDF - plasmático;35,00
345;FIBRINOGENO - sangre;12,00
349;FISICO QUIMICO - Examen, Liq. Exudados, Trasudados;10,00
350;FLUOREMIA (F);10,00
351;FLUORURIA;10,00
352;FOLICO, ACIDO;11,00
353;FONDO OSCURO;4,00
354;FORMULA LEUCOCITARIA;1,50
355;FOSFATASA ACIDA PROSTATICA (EFM);5,00
356;FOSFATASA ACIDA TOTAL (EFM);3,00
357;FOSFATASA ALCALINA (FAL);1,50
360;FOSFATASA ALCALINA TERMOESTABLE;15,00
361;FOSFATASA ALCALINA - ISOENZIMAS;15,00
362;FOSFATEMIA;1,50
363;FOSFATURIA;1,50
366;FOSFORO CLEARENCE DEPURACION;3,00
370;FSH - HORMONA FOLICULO ESTIMULANTE;10,00
371;FTA ABS (IFI - ELISA) SIFILIS y TPHA;8,00
373;FUNCIONAL, EXAMEN DE MATERIA FECAL - basico;30,00
402;GALACTOSEMIA;8,00
404;GASES EN SANGRE, PSO2 PO2;10,00
405;GASTRINA, sérica;15,00
408;GLOBULOS BLANCOS, RECUENTO y FORMULA - materia fecal;3,00
409;GLOBULOS BLANCOS, RECUENTO DE;1,00
410;GLOBULOS ROJOS, RECUENTO DE;1,00
412;GLUCEMIA o GLUCOSURIA;1,50
413;GLUCEMIA, PRUEBA de SOBRECARGA (x 2 - dos determinaciones);4,50
417;GLUCOSA EN ORINA (CADA UNA);1,50
418;GLUCOSA 6-FOSFATO ISOMERASA;13,00
420;GLUTAMIL TRANSPEPTIDASA;2,50
430;GRAHAM, TEST DE;3,00
432;GRASAS, CUANTITATIVO (Van de Kamer) - materia fecal;15,00
433;GRUPO SANGUINEO y FACTOR Rho - Du/Du;5,00
463;HAPTOGLOBINA;9,00
464;HEINZ CUERPOS DE (Tincion);3,00
465;HEMATIES, RESISTENCIA GLOBULAR OSMOTICA (CURVA DE FRAGILIDAD OSMOTICA DE ERITROCITOS);10,00
466;HEMATOCRITO;1,00
468;HEMOCULTIVOS AEROBIOS (cada uno);20,00
470;HEMOGLOBINA, DOSAJE DE;1,00
471;HEMOGLOBINA, ELECTROFORESIS;11,00
472;HEMOGLOBINA PLASMATICA;4,00
475;HEMOGRAMA;5,00
479;HERMOSIDERINA, INVESTIG. HISTOQUIMICA;9,00
480;HEPARINA, RESISTENCIA A LA (In Vitro);15,00
481;HEPATOGRAMA;6,00
483;HIDATIDOSIS ANTICUERPOS (HAI);4,00
484;HIDATIDOSIS, Ac IGG o TOTALES ANTI (ifi);15,00
487;HIDROXINDOLACETICO , ACIDO;10,00
488;HIDROXIPROLINA - urinaria;12,00
494;HUDDLESSON, REACCION DE (Rosa de Bengala - Brucelosis);2,00
531;MYCOBACTERIUM, IDENTIFICACION;20,00
532;IDENTIFICACION SEROLOGICA DE GERMENES;10,00
535;INMUNOELECTROFORESIS;10,00
536;INMONOELECTROFORESIS LIQUIDOS BIOLOGICOS;20,00
537;INMUNOGLOBULINA A (IgA);5,00
538;INMUNOGLOBULINA D (IgD);15,00
539;INMUNOGLOBULINA E (IgE);10,00
540;INMUNOGLOBULINA G (IgG);5,00
541;INMUNOGLOBULINA M (IgM);5,00
543;INSULINA;11,00
546;IONOGRAMA - sérico;3,50
547;IONOGRAMA - urinario;3,50
592;LACTICO, ACIDO ENZIMATICO;10,00
593;LACTICO, ACIDO - materia fecal;10,00
594;LACTICO DEHIDROGENASA - LDH;3,00
596;LACTICO DEHIDROGENASA ISOENZIMAS - LDH Isoenzimas;6,00
597;LACTOGENO PLANCENTARIO / SOMATOMAMOTROFINA;20,00
598;FACTOR REUMATOIDEO, ARTRITIS REUMATOIDE;6,00
600;LEPTOSPIRAS, INVESTIGACION DE (fondo oscuro o coloraciones) - urinaria;12,00
602;TRICHINOSIS, INVESTIGACION DE;30,00
603;LAZO, PRUEBA DEL;1,00
606;LEUCINAMINOPEPTIDASA - LAP;10,00
610;LEVULINICO, ACIDO DELTA-AMINO;10,00
611;LEVULINICO, DELTA DEHIDRATASA;10,00
612;LH - HORMONA LUTEINIZANTE;10,00
613;LIPASA EN SANGRE;5,00
615;LIPIDOGRAMA (Electroforético);7,00
619;LIQUIDO CEFALORAQUIDEO, Fco-Qco - Citologico;15,00
620;LIQUIDO DE PUNCION -Fco-Qco - Fisiologico;15,00
622;LISTERIAS (IFI - ELISA);9,00
623;LITIO, (ISE - Ión selectivo - Fotometría de llama o fotometro);6,00
624;LITIO (LI), (Absorción Atómica - A.A.);20,00
653;MAGNESIO (Mg) - sérico;2,50
654;MAGNESIO (Mg) - urinario;2,50
656;MONTOUX INTRADERMO REACCION DE (PPD);20,00
657;MEDULOGRAMA;9,00
660;MERCURIO (Hg) - sérico o urinario;15,00
662;METANEFRINAS FRACCIONADAS URINARIAS;25,00
663;METANOL - urinario;15,00
664;MICOLOGIA (directo-coloracion);4,00
665;MICOLOGIA (cultivo e identificacion);14,00
667;MOCO CERVICAL, CRISTALIZACION;2,00
668;MOCO NASAL, PH - CITOLOGICO;2,00
669;MONONUCLEOSIS (Aglutinación - Test de Látex o Monotest);3,00
670;MONONUCLEOSIS HEMOAGLUTINACION (P. B.);3,00
671;MONONUCLEOSIS;3,00
672;MONOXIDO de CARBONO;5,00
673;MORFINA OPIACEOS, DERIVADOS - líquidos biológicos;12,00
684;MULTIRESISTENCIA, VIGILANCIA DE BACTERIAS RESISTENTES;26,00
695;NORADRENALINA SERICA -CATECOLAMINAS;25,00
696;NORADRENALINA URINARIA-CATECOLAMINA;25,00
702;NUCLEOTIDASA 5' N;8,00
711;ORINA COMPLETA;5,00
714;OSMOLARIDAD - CLEARENCE (sangre -orina);5,00
715;OSMOLARIDAD - suero;2,50
732;PAPANICOLAOU ENDOCERVICAL;9,00
734;PAPANICOLAOU EXOCERVICAL;9,00
736;PARASITOLOGICO SERIADO;4,00
737;PARASITOS HEMATICOS;6,00
738;PARASITOS SUPERIORES;4,00
739;PARATHORMONA - PTH;13,50
740;PEROXIDASAS, TINCION;5,00
741;PH - líquidos biológicos;2,00
745;PLAQUETARIOS, FACTORES;10,00
746;PLAQUETAS, RECUENTO DE;2,00
747;PLASMA RECALCIFICADO, TIEMPO DE;1,00
748;PLASMINOGENO (IDR);38,00
749;PLOMO - sérico o urinario;20,00
751;PORFIRINAS o UROPORFIRINAS - urinarias;15,00
752;PORFOBILINOGENO (cualitativo) - urinario;12,00
758;PROGESTERONA;11,00
759;PROLACTINA;10,00
761;PROTEINA C REACTIVA PCR;5,00
763;PROTEINA TOTALES;1,50
764;PROTEINOGRAMA ELECTROFORETICO EN SUERO;22,00
765;PROTEINOGRAMA ELECTROFORETICO - LCR;20,00
766;PROTEINOGRAMAS - LIQUIDOS BIOLOGICOS;20,00
767;PROTEINURIA;1,50
768;PROTOPORFIRINAS eritrocitaria;12,00
769;PROTROMBINA, CONSUMO DE;2,00
770;PROTROMBINA, RIN;4,00
771;PROTROMBINA, TIEMPO DE;3,00
772;PSEUDOCOLINESTERASA o BUTIRILCOLINESTERASA;4,00
801;QUIMIOTRIPSINA;30,00
812;RENINA - ANGIOTESINA;18,00
814;RH FACTOR C GRANDE;2,00
815;RH FACTOR c CHICA;2,00
816;RH FACTOR E GRANDE;2,00
817;RH FACTOR e CHICA;2,00
818;RETICULOCITOS, RECUENTO DE;2,00
820;ROSSE RAGAN, PRUEBA DE;2,50
831;SALICILATOS;12,50
832;SALMONELLA, ANTICUERPOS (IFI - ELISA);6,00
833;SANGRE OCULTA - materia fecal INMUNOLOGICO;8,00
835;SEROTONINA SERICA;24,00
837;SIDEROFILINA, CAPACIDAD DE SATURACION;9,00
838;SIMS - HUHNER TES DE;20,00
841;SOMATOTROFINA - GH (STH);12,00
846;SUBTIPO HEMOGLOBINA A2, DETERMINACION DE (electroforesis);11,00
847;SUDOR, TEST DE;30,00
862;TALIO - urinario;20,00
863;TESTOSTERONA - To;11,00
865;TIROTROFINA - TSH;9,00
866;TIROXINA TOTAL - T4;9,00
867;TIROXINA EFECTIVA - LIBRE T4;9,00
870;TOXOPLASMOSIS (HAI);4,00
871;TOXOPLASMOSIS (IFI);6,00
873;TRANSAMINASA, GLUTAMICO OXALACETICA (GOT / AST);1,50
874;TRANSAMINASA GLUTAMICO PIRUVICA (GPT / AGT);1,50
875;TRANSFERRINA (IDR/turbidimetria);6,00
876;TRIGLICERIDOS (Tg);2,50
878;TRIIODOTIRONINA TOTAL - T3;9,00
879;TROMBINA, PRUEBA DE GENERACION DE LA;3,00
880;TROMBINA, TIEMPO DE;5,00
887;TROMBOPLASTINA, TIEMPO DE (KPTT - TTPC);3,00
901;UREA, CLEARENCE DE;3,00
902;UREA, sérica;1,50
903;URETRAL, EXUDADO (Directo y Cultivo);11,00
904;URICO, ACIDO - sérico;1,50
905;URICO, ACIDO - urinario;1,50
907;UROCITOGRAMA;4,00
911;UROCULTIVO (MODULO);20,00
923;UROPROTEINOGRAMA;33,00
931;VAGINAL EXUDADO o FLUJO (Directo y cultivo);16,00
932;VAINILLIN MANDELICO, ACIDO - urinario (AVM) (HLPC);15,00
933;VDRL / USR;4,00
937;VITAMINA A;37,00
938;VITAMINA B12;15,00
939;VITAMINA E;37,00
953;WIDAL , REACCION DE;4,00
981;ZINC ERITROCITARIO - PROTOPORFIRINA;20,00
982;ZINC - sérico;20,00
1000;ANTIGENO PROSTATICO ESPECIFICO TOTAL - PSA-t;18,00
1001;ACTO BIOQUIMICO DE INTERNACION - (ABI);9,00
1011;CD4 - SUBPOBLACION LINFOCITARIA por citom. de flujo;35,00
1015;CD8 - Sub Población linfocitaria por Citometria de flujo;35,00
1020;CHLAMYDIAS PNEUMONIAE, Anticuerpos IgG;18,00
1025;CITOMEGALOVIRUS, Ac. IgG Anti- (CMV-IgG);15,00
1030;CITOMEGALOVIRUS, Ac. IgM Anti- (CMV-IgM);20,00
1035;HDL COLESTEROL (HDL-C);3,00
1040;LDL COLESTEROL (LDL-C);4,50
1045;CREATINFOSFOQUINASA, ISOENZIMA MB (CKMB / CPKMB);10,00
1050;DROGAS DE ABUSO SCREENING (c/u);17,50
1055;EPSTEIN BARR, Ac. IgG /Totales Anti- (VEB/ VCA IgG);15,00
1060;EPSTEIN BARR, Ac. IgM Anti- (VEB / VCA IgM);20,00
1065;FRUCTOSAMINA;15,00
1070;HEMOGLOBINA GLICOSILADA - (Hb A1C);15,00
1075;HEPATITIS A, Ac. IgM Anti - (HAV IgM);15,00
1080;HEPATITIS B, Ac.Anti -;15,00
1085;HEPATITIS B, Antígeno e (Ag HBe);15,00
1086;HEPATITIS B, Antígeno de Superficie ( Ag HBs);12,00
1090;HEPATITIS B, Ac.de Superficie Anti - (HBsAc);20,00
1095;HEPATITIS C, Ac. IgG Anti (HCV Ac IgG);20,00
1100;HIDATIDOSIS, DOBLE INMUNOELECTROFORESIS (Arco 5 / DD5);22,00
1105;HIV, CARGA VIRAL;160,00
1110;HIV, WESTERN - BLOT;100,00
1115;MARCADOR TUMORAL DE OVARIO - CA 125;20,00
1120;MARCADOR TUMORAL DE MAMA (CA 15-3);20,00
1125;MARCADOR TUMORAL DE COLON (CA 19-9);20,00
1130;MICROALBUMINURIA / ALBUMINA URINARIA;12,50
1135;MONITOREO DE FARMACOS PARA ENFERMEDADES CRONICAS I (anticonvulsivantes I);15,00
1136;MONITOREO DE FARMACOS PARA ENFERMEDADES CRONICAS II (anticonvulsivantes II);24,00
1137;MONITOREO DE FARMACOS PARA ENFERMEDADES CRONICAS III (anticonvulsivantes III);60,00
1140;MYCOPLASMA PNEUMONIAE Anticuerpos IgG;18,00
1142;PREPARACION DE SANGRE A TRANSFUNDIR (MODULO TRANSFUSIONAL);118,00
1145;RUBEOLA, Anticuerpos IgG;15,00
1150;RUBEOLA, Ac. IgM Anti-;15,00
1160;TORCH (Toxoplasmosis, Rubeola, Citomegalovirus y Herpes 1 y 2);50,00
1170;SUBUNIDAD BETA DE GONADOTROFINA CORIONICA (CUALITATIVA) - HCG o BHCG;8,00
1175;SUBUNIDAD BETA DE GONADOTROFINA CORIONICA (CUANTITATIVA) HCG o BHCG;14,00
1180;TEST RAPIDO en FAUCES para STREPTOCOCCUS Beta - HEMOLITICO Grupo;15,00
1185;TESTOSTERONA BIODISPONIBLE;25,00
1196;SCREENING NEONATAL x 6 (TSH, FENIL ALANINA y TIR, BIOTINIDASA);43,00
1200;URGENCIAS;3,00
2001;ACTO BIOQUÍMICO COMPLEMENTARIO - ABC;6,00
2008;ACANTHAMOEBA SPP.;8,00
2009;ACANTHAMOEBA - PCR;90,00
2011;ÁCAROS y ARTRÓPODOS, Investigación de vectores;10,00
2017;ACETILCOLINA;25,00
2025;ACETILCOLINA, Ac. Anti- RECEPTORES (ACRA);100,00
2034;ACETILCOLINESTERASA ERITROCITARIA (ACHE);12,00
2051;ACETONA CUANTITATIVA - sérica;19,00
2059;ACETONA CUANTITATIVA - urinaria;19,00
2068;ÁCIDO 3 METIL-INDOL;35,00
2085;ÁCIDO 5 HIDROX-INDOL ACÉTICO (HPLC);23,00
2093;ÁCIDO ACETOACÉTICO;17,00
2102;ÁCIDO ALFA CETÓNICO;12,00
2111;ÁCIDO BETA HIDROXIBUTÍRICO;19,00
2119;ÁCIDO CÍTRICO - plasmático;15,00
2120;ÁCIDO CÍTRICO - urinario;15,00
2128;ÁCIDO FENIL ACÉTICO (AFA);19,00
2136;ÁCIDO FENIL GLIOXÍLICO;16,00
2153;ÁCIDO FOLICO - intraeritrocitario.;14,00
2162;ÁCIDO FÓRMICO;16,00
2170;ÁCIDO FOSFATÍDICO, Ac. IgG Anti-;30,00
2179;ÁCIDO FOSFATÍDICO, Ac. IgM Anti-;30,00
2181;ÁCIDO FUROICO;16,00
2182;ACIDO GAMMA - AMINOBUTIRICO (GABA);200,00
2183;ÁCIDO GLUTÁMICO;30,00
2184;ÁCIDO GUANIDINACÉTICO.;110,00
2187;ÁCIDO HIPÚRICO - urinario;15,00
2205;ÁCIDO HOMOVANÍLICO - HVA;20,00
2222;ÁCIDO INDOLACETICO, 5 HIDROXI -3-METIL;19,00
2236;ÁCIDO LÁCTICO - LCR;19,00
2239;ÁCIDO LÁCTICO - urinario;19,00
2247;ÁCIDO LISÉRGICO (LSD);19,00
2252;ÁCIDO MÁLICO;60,00
2256;ÁCIDO MANDÉLICO;19,00
2264;ÁCIDO METIL HIPÚRICO;19,00
2273;ÁCIDO METIL MALÓNICO;19,00
2277;ÁCIDO MUCÓNICO;19,00
2281;ÁCIDO ORÓTICO;104,00
2296;ÁCIDO OXALICO - sérico;22,00
2299;ÁCIDO OXALICO - urinario (2/ 12 / 24 hs. - c/u);15,00
2316;ÁCIDO PIRUVICO - sérico;13,00
2328;ÁCIDO SALICÍLICO - sérico;12,00
2330;ÁCIDO SALICÍLICO - urinario;12,00
2341;ÁCIDO SIALICO;19,00
2346;ÁCIDO SUCCÍNICO;60,00
2350;ÁCIDO TIOGLICÓLICO;19,00
2358;ÁCIDO TRICLOROACÉTICO;18,00
2367;ÁCIDOS BILIARES - séricos.;30,00
2375;ÁCIDOS GRASOS DE CADENA MUY LARGA;122,00
2379;ÁCIDOS GRASOS NO ESTERIFICADOS (NEFA);10,00
2393;ÁCIDOS ORGÁNICOS - urinarios;122,00
2401;ACIL CARNITINAS - plasmáticos;120,00
2410;ACUAPORINA 4 - Neuromielitis Optica?Ac. IgG (NMO-Ac. IgG);100,00
2417;ADENOSIN DEAMINASA - LCR;24,00
2418;ADENOSIN DEAMINASA - líquido pleural;24,00
2427;ADENOVIRUS, Ac. IgG o Totales, Anti-;18,00
2435;ADENOVIRUS, Ac. IgM, Anti-;18,00
2444;ADENOVIRUS, Ag.;24,00
2446;ADENOVIRUS - PCR;90,00
2448;ADENOVIRUS - Carga viral;150,00
2452;ADRENAL, Ac. Totales Anti-;65,00
2461;ALDOSTERONA - urinaria;15,00
2469;ALDRIN;60,00
2495;Alfa 1 ANTITRIPSINA, CLEARENCE de (?1 AT - Clearence) - M.F. / sérica.;20,00
2521;Alfa 2 ANTIPLASMINA;40,00
2538;Alfa-BHC (?-HCH) - alfa-HEXACLORURO de BENCENO - alfa-HEXACLORAN - alfa-LINDANO - ?-1,2,3,4,5,6-HEXACLOROCICLOHEXANO.;60,00
2547;Alfa GALACTOSIDASA (Fabry);130,00
2555;Alfa GLUCOSIDASA NEUTRA - semen;25,00
2559;Alfa L IDURONIDASA;110,00
2563;Alfa NITROSO BETA NAFTOL, PRUEBA de;9,00
2572;ALPRAZOLAM;25,00
2587;ALUMINIO - pelo;30,00
2589;ALUMINIO - sérico;22,00
2591;ALUMINIO - urinario;22,00
2598;AMETRYN;60,00
2606;AMIKACINA;22,00
2620;AMINOÁCIDOS - LCR (Cromatografía cuantitativa);150,00
2623;AMINOÁCIDOS - sérico (Cromatografía cuantitativa);150,00
2624;AMINOÁCIDOS - sangre seca en papel de filtro - SSPF (cuantitativo);150,00
2627;AMINOÁCIDOS - urinarios (Cromatografía cuantitativa);150,00
2630;AMINOÁCIDOS - urinarios (Cualitativo);22,00
2649;AMONIO - urinario;20,00
2657;ANAEROBIOS (Cultivo).;30,00
2666;ANDROSTENEDIOL GLUCURÓNIDO (ALFA DIOL GLUCURONIDO);25,00
2675;ANDROSTENEDIONA, Delta 4- (?4);12,00
2688;ANFETAMINAS / METANFETAMINAS, confirmatorio;120,00
2700;ANGELMAN, SÍNDROME de;330,00
2704;ANION GAP;1,00
2706;ANTIBIOGRAMA - AUTOMATIZADO;50,00
2709;ANTICOAGULANTE LÚPICO;30,00
2712;ANTIDIURÉTICA, HORMONA (HAD) -VASOPRESINA;80,00
2713;ANTIDIURÉTICA, HORMONA - urinaria (HAD u) - VASOPRESINA urinaria;80,00
2717;ANTIGENOS BACTERIANOS, screening (Haemof..infl, Neis. mening., Strept. Pneum.);80,00
2730;ANTÍGENO PROSTÁTICO ESPECÍFICO, COMPLEJADO (PSA c);25,00
2734;ANTÍGENO PROSTÁTICO ESPECÍFICO, Libre+Total (PSA-L+T);36,00
2739;ANTIGENOS - PANEL GINECOLÓGICO - PCR (Chamydia trachomatis / Mycoplasma hominis / Mycoplasma genitalium / Ureaplasma ur;150,00
2743;ANTIGENOS VIRALES - PANEL de DIARREICOS - PCR;150,00
2745;ANTIGENOS VIRALES - PANEL de RESPIRATORIOS - BÁSICO;90,00
2749;ANTIGENOS VIRALES - PANEL de RESPIRATORIOS - PCR BÁSICO;180,00
2751;ANTIGENOS VIRALES - PANEL de RESPIRATORIOS - PCR EXTENDIDO;230,00
2769;ANTIMICOGRAMA LEVADURAS, Screening;30,00
2780;ANTIMONIO - sérico;18,00
2782;ANTIMONIO - urinario;18,00
2790;ANTIMULLERIANA, HORMONA (HAM);75,00
2803;ANTITROMBINA III FUNCIONAL;25,00
2810;APOLIPOPROTEINA A (ApoA);11,00
2811;APOLIPOPROTEINA B (ApoB);11,00
2815;APOLIPOPROTEINA E, GENOTIPO (Apo E);176,00
2820;ARILSULTASA A - en leucocitos;150,00
2822;ARILSULTASA A - sérica;150,00
2834;ARSÉNICO - pelo;30,00
2837;ARSÉNICO - uña;30,00
2846;ASPERGILLIUS, Ac. Anti-;24,00
2850;ATRAZINA;60,00
2852;AUTOHEMÓLISIS, PRUEBA DE;4,00
2854;BACILUS ANTHRACIS, Cultivo y Tipificación;20,00
2858;BACTERIAS RESISTENTES A CARBAPENEMES - PCR o similar;95,00
2863;BANDAS OLIGOCLONALES, en L.C.R. / Suero;220,00
2888;BARBITURATOS, Confirmatorio.;120,00
2896;BARIO - sérico.;22,00
2897;BARIO - urinario;22,00
2912;BARTONELLA HENSELAE, Ac. IgG Anti-;50,00
2914;BARTONELLA HENSELAE, Ac. IgM Anti-;50,00
2931;BENCENO-ETILBENCENO-TOLUENO-XILENO (BETX);60,00
2945;BENZODIAZEPINAS, Confirmatorio.;120,00
2963;BERILIO - sérico;22,00
2965;BERILIO - urinario;22,00
2980;Beta 2 GLICOPROTEÍNA, Ac. IgA Anti-;30,00
2982;Beta 2 GLICOPROTEÍNA, Ac. IgG Anti-;30,00
2984;Beta 2 GLICOPROTEÍNA, Ac. IgM Anti-;30,00
3016;Beta-BHC (?-HCH) - beta-HEXACLORURO de BENCENO - beta-HEXACLORAN - beta-LINDANO - beta-1,2,3,4,5,6-HEXACLOROCICLOHEXANO;60,00
3025;Beta CROSS LAPS - CTX-C - TELOPÉPTIDO DE COLÁGENO TIPO I;32,00
3034;Beta GALACTOSIDASA;130,00
3042;Beta GLUCOCEREBROSIDASA;130,00
3051;Beta LACTAMASA;10,00
3056;Beta Libre hCG;38,00
3065;BICARBONATO, en orina;10,00
3067;BIOTINA;120,00
3068;BIOTINIDAZA, CONFIRMATORIO.;120,00
3085;BLASTOMYCES DERMATITIDIS, Ac (Fase Lev);35,00
3093;BNP (FACTOR NATRIURÉTICO);95,00
3102;BORDETELLA PERTUSIS, Ac. IgG Anti-;35,00
3110;BORDETELLA PERTUSIS, Ac. IgM Anti-;37,00
3119;BORDETELLA PERTUSIS, Ag.;40,00
3120;BORDETELLA PERTUSIS - PCR;90,00
3128;BORRELLIA BUGDORFERI, Ac. IgG Anti-;35,00
3136;BORRELLIA BUGDORFERI, Ac. IgM Anti-;37,00
3141;BRCA 1 BRCA 2, GRANDES DELECCIONES Y DUPLICACIONES (MLPA);1.000,00
3143;BRCA 1 BRCA 2, SECUENCIACIÓN COMPLETA;2.000,00
3145;BRCA 1-2, PANEL ASHKENAZI;375,00
3147;BRCA 1-2, PANEL ASHKENAZI - SEFARADI;450,00
3153;BROMURO - sérico;20,00
3158;BRUCELLAS, TEST DE WRIGHT,;10,00
3159;BRUCELLAS, TEST DE WRIGHT, con 2-Mercaptoetanol (W-2ME);12,00
3162;BRUCELOSIS (IFI);12,00
3170;BRUCELOSIS (Fijación de Complemento);5,00
3179;BRUCELOSIS, Ac. IgG ó Totales Anti-;12,00
3187;BRUCELOSIS, Ac. IgM Anti-;12,00
3190;BRUCELOSIS, Ac. Incompletos Anti-;15,00
3230;C1 INHIBIDOR (C1 INHIBIDOR INMUNOLÓGICO);30,00
3239;CA 21-1 (MARCADOR TUMORAL de PULMÓN) - CYFRA 21-1;60,00
3247;CA 72-4 (MARCADOR TUMORAL GÁSTRICO);50,00
3254;CADENA LIVIANA KAPPA LIBRE (NEFELOMETRIA);130,00
3257;CADENA LIVIANA LAMBDA, LIBRE (NEFELOMETRIA);130,00
3259;CADENAS PESADAS EN SANGRE Y ORINA C/U;40,00
3262;CADMIO (Cd) - pelo;25,00
3264;CADMIO (Cd) - sanguíneo;22,00
3290;CALCIO (Ca) - pelo;25,00
3292;CALCIO (Ca) - saliva;25,00
3307;CÁLCULO - biliar, salival, urinario - Estudio Cristalográfico (C/U);20,00
3310;CALPROTECTINA (CPMF);100,00
3318;CAMPYLOBACTER SPP, Directo (ELISA);20,00
3320;CAMPYLOBACTER SPP, Directo (Microscopía);12,00
3324;CANDIDA ALBICANS, Ac. Totales;15,00
3350;CANNABINOIDES, CONFIRMATORIO (MARIHUANA - CONFIRMATORIO - GC-MS);120,00
3375;CARBOXIHEMOGLOBINA;15,00
3384;CARDIOLIPINAS, Ac. IgA Anti-;20,00
3392;CARDIOLIPINAS, Ac. IgG Anti-;18,00
3401;CARDIOLIPINAS, Ac. IgM Anti-;18,00
3427;CARIOTIPO con BANDEO - Alta Resolución (Alta Sensibilidad);230,00
3430;CARIOTIPO, con BANDEO;140,00
3435;CARIOTIPO - líquido anmiótico;350,00
3440;CARIOTIPO - material de aborto;200,00
3443;CARIOTIPO - médula ósea (Citogenético de MO);140,00
3446;CARIOTIPO - vellosidades coriónicas;350,00
3461;CARNITINA, Libre y Total - suero;160,00
3463;CARNITINA, Libre y Total - urinario;160,00
3478;CATECOLAMINAS - LCR;25,00
3495;CD34 POSITIVAS - Citometría de Flujo;35,00
3504;CD10/CD19 - Citom. de Flujo;35,00
3512;CD3/CD16+56, CÉLULAS NATURAL KILLER (NK) - Citom. de Flujo;35,00
3521;CD25 RECEPTOR SOLUBLE DE INTERLUKINA 2 - Citom. de Flujo;35,00
3529;CD69/CD56;35,00
3538;CD, SUBPOBLACION LINFOCITARIA - Citometría de Flujo (C/U);35,00
3543;CELULARIDAD en lágrimas;10,00
3546;CELULAS LE;7,00
3563;CENTROMERO, Ac. Anti-;22,00
3571;CHAGAS, Ac. IgM Anti- (ELISA);14,00
3572;CHAGAS, Ac. IgM Anti- (IFI);14,00
3576;CHAGAS, (PCR);90,00
3582;CHIKUNGUNYA , virus (PCR);90,00
3585;CHITOTRIOSIDASA - sanguínea.;110,00
3586;CHITOTRIOSIDASA - sanguínea/soporte-papel (Fluorométrico);110,00
3589;CHLAMYDIA PNEUMONIAE, Ac. IgM Anti-;20,00
3591;CHLAMYDIA PNEUMONIAE - PCR;90,00
3598;CHLAMYDIA PSITACCI, Ac. IgG Anti-;18,00
3606;CHLAMYDIA PSITACCI, Ac. IgM Anti-;20,00
3609;CHLAMYDIA PSITACCI - PCR;90,00
3623;CHLAMYDIA TRACHOMATIS, Ac. IgG Anti-;18,00
3632;CHLAMYDIA TRACHOMATIS, Ac. IgM Anti-;20,00
3640;CHLAMYDIA TRACHOMATIS, Ag.;20,00
3649;CHLAMYDIA TRACHOMATIS, Ag. PCR;90,00
3650;CHLAMYDIA TRACHOMATIS, cultivo celular;95,00
3666;CIANUROS;22,00
3674;CICLOSPORINA A - sérica;30,00
3683;CISTINA;15,00
3717;CITOMEGALOVIRUS, ANTIGENEMIA (CMV - PP65);45,00
3720;CITOMEGALOVIRUS, detección cuantitativa - PCR;150,00
3722;CITOMEGALOVIRUS, detección cualitativa - PCR;70,00
3734;CITOPLASMA DE NEUTROFILO, Ac. Anti- c/u (ANCA C, P - c/u);28,00
3751;CLEMENTS, Prueba de;12,00
3756;CLORPIRIFOS ETIL;60,00
3760;CLOSTRIDIUM DIFFICILE, Toxina A - materia fecal.;80,00
3762;CLOSTRIDIUM DIFFICILE, Toxinas (A + B) - Materia Fecal (Inmunocromatografía);100,00
3786;COBALTO - plasmático;20,00
3788;COBALTO - urinario;20,00
3814;COBRE - eritrocitario;20,00
3820;COBRE - urinario;20,00
3828;COCAÍNA, GC-MS - Confirmatorio.;120,00
3860;COCCIDIOIDES INMITIS, Ac. Ig Totales Anti-;40,00
3862;COCCIDIOIDES INMITIS, Ac. IgG Anti-;28,00
3871;COCCIDIOIDES INMITIS, Ac. IgM Anti-;28,00
3880;COCLEARES, Ac. Anti- (Anti- P68 KDA) (Western Blot);150,00
3888;CODEÍNA - sérica;50,00
3890;CODEÍNA - urinaria;50,00
3905;COFACTOR DE RISTOCETINA;60,00
3910;COLESTEROL NO HDL;5,50
3922;COMPLEMENTO C1Q (PROTEINA 11S);28,00
3939;CONCENTRACIÓN BACTERICIDA MÍNIMA (CBM);28,00
3948;CONCENTRACION INHIBITORIA MINIMA (CIM);28,00
3953;CONEXINA 26 - MUTACIONES 35delG (GJB2) o Cx26 - PCR Para sordera hereditaria no sindrómica;77,00
3955;CONEXINA 26 - SECUENCIACIÓN - PCR;115,00
3960;COPROPORFIRINAS - eritrocitarias;15,00
3974;COREA DE HUNTINGTON - PCR;500,00
3975;Ac. Anti IgG - Ac Anti IgM cada uno;40,00
3982;CORPÚSCULOS METACROMÁTICOS - urinario;10,00
3994;CORRECCIÓN C/PLASMA NORMAL - aPTT;25,00
3996;CORRECCIÓN C/PLASMA NORMAL - TP;25,00
4008;CORTISOL LIBRE - urinario (CLU);12,00
4012;CORTISOL - salival;12,00
4033;COTININA - sérica;25,00
4035;COTININA - urinaria;25,00
4050;COXIELLA BURNETTI, Ac. IgG Anti-;30,00
4059;COXIELLA BURNETTI, Ac. IgM Anti-;30,00
4068;COXSACKIE VIRUS A, 2-7-9, Ac. Anti- (c/u);19,00
4076;COXSACKIE VIRUS B, 1-2-3-4-5-6, Ag. (c/u);19,00
4085;COXSACKIE VIRUS B, 1-2-3-4-5-6, Ac. Anti- (pool);19,00
4093;COXSACKIE VIRUS B, 1-2-3-4-5-6, Ac. Anti- (c/u);19,00
4102;COXSACKIE VIRUS B, 1-2-3-4-5-6, Ac. IgM Anti- (c/u);23,00
4105;CREATINA - sérica;10,00
4106;CREATINA - urinaria;10,00
4110;CRIOCRITO;10,00
4119;CRIOFIBRINÓGENO;10,00
4125;CRISTALIZACIÓN en lágrimas;7,00
4132;CROMO (Cr)- pelo;22,00
4134;CROMO (Cr) - sérico;20,00
4136;CROMO (Cr) - urinario;20,00
4141;CROMOGRANINA A;150,00
4143;CROMOSOMA, ALTERACIONES del (c/u) Delección Cromosoma 13 (FISH);410,00
4144;CROMOSOMA, ALTERACIONES del (c/u) - Delección 17 P53 - (FISH);410,00
4145;CROMOSOMA, ALTERACIONES del (c/u) Delección cromosoma 6 MYB (FISH);410,00
4146;CROMOSOMA, ALTERACIONES del (c/u) Delección C11 ATM-5q-7q - gen ATM (FISH);410,00
4147;CROMOSOMA, ALTERACIONES del (c/u) TRISOMÍA 12 - CENTRÓMERO 12 (FISH);410,00
4150;CROMOSOMA FILADELFIA - PCR - LMC -;220,00
4155;CROMOSOMA X, FRAGILIDAD - PCR;250,00
4160;CROMOSOMA X, FISH;250,00
4165;CROMOSOMA Y, DELECCIONES del;275,00
4187;CROSS MATCH, AUTÓLOGO - Citom. de Flujo;210,00
4190;CROSS MATCH, AUTÓLOGO - Linfotoxicidad.;55,00
4196;CROSS MATCH, CONTRA PANEL;65,00
4204;CROSS MATCH, DONANTE - Citom. de Flujo;230,00
4213;CROSS MATCH, DONANTE - Linfotoxicidad.;65,00
4221;CROSS MATCH, DTT;65,00
4230;CROSS MATCH, MATRIMONIAL - Citometría de Flujo;300,00
4240;CROSS MATCH, PACIENTE HIPERSENSIBILIZADO;110,00
4256;CRYPTOSPORIDIUM Sp,;15,00
4264;CRYPTOCOCCUS NEOFORMANS, Ag.;40,00
4266;CRYPTOCOCCUS NEOFORMANS, Ag. (Microscopía - Tinta china);8,00
4290;CUERPOS REDUCTORES;7,00
4307;4,4' -DDD (p,p' -DDD) - 4,4'-DICLORODIFENILDICLOROETANO;60,00
4315;4,4' -DDE (p,p' - DDE) - 4,4'-DICLORODIFENILDICLOROETILENO;60,00
4324;4,4' -DDT (p,p' -DDT) - 4,4'-DICLORODIFENILTRICLOROETANO;60,00
4333;DEGRANULACION DE BASOFILOS - TEST DE ACTIVACION DE BASOFILOS;480,00
4340;DEHIDROEPIANDROSTERONA;20,00
4350;Delta-BHC (?-HCH) - delta-HEXACLORURO de BENCENO - delta-HEXACLORAN - delta-LINDANO - delta-1,2,3,4,5,6-HEXACLOROCICLOHE;60,00
4361;DENGUE, Ac. Anti- IgG;35,00
4363;DENGUE, Ac. Anti- IgM;35,00
4365;DENGUE, Acs. Anti- IgG e IgM (Cualitativo);35,00
4367;DENGUE, Ag. - ELISA;35,00
4369;DENGUE - PCR;110,00
4370;DENGUE - SEROTIPIFICACIÓN;130,00
4375;DEOXIPIRIDINOLINAS (DPD);28,00
4384;DESIPRAMINA;24,00
4387;DESMOGLEINA, Ac. Anti- Ag. 1 y 3 IgG;110,00
4388;DIAZINÓN;60,00
4392;DIELDRIN;60,00
4418;DIMERO-D;35,00
4435;DIMETOATO;60,00
4444;DIMETOXIFENILETILAMINA, 3,4- (DMFA);19,00
4452;DISULFOTÓN;60,00
4461;DNA, SS - CADENA SIMPLE (DNAss);35,00
4469;DNA, DESNATURALIZADO, Ac. Anti -;40,00
4478;DNA, Muestra Forense;1.400,00
4503;DOPAMINA, TOTAL - sérica;20,00
4512;DOPAMINA LIBRE - urinaria;20,00
4521;DOXEPINA;25,00
4546;ECHINOCOCCUS GRANULOSOS, Ac. IgG Anti-;23,00
4549;ECHINOCOCCUS GRANULOSOS, Ac. IgM Anti-;25,00
4563;ECHO COXSACKIE, 1-6 Ac. IgG Anti-;24,00
4566;ECHO COXSACKIE, 1-6 IgM;28,00
4580;ECHOVIRUS, Ac. IgG Anti-;30,00
4583;ECHOVIRUS, Ac. IgM Anti-;30,00
4590;ECTOPARÁSITOS, Búsqueda e identificación.;25,00
4600;ELASTASA PANCREÁTICA;120,00
4623;ENA, Ac. Anti- (ANTÍGENOS NUCLEARES EXTRAÍDOS, Ac. Anti- ) - (SSA, SSB, Sm, RNP o U1RNP);50,00
4632;ENDOMISIO, Ac. IgA Anti- (EMA IgA);14,00
4640;ENDOMISIO, Ac. IgG Anti- (EMA IgG);14,00
4648;ENDOSULFAN I;60,00
4649;ENDOSULFAN II;60,00
4652;ENDOSULFAN SULFATO;60,00
4666;ENDRIN;60,00
4674;ENTAMOEBA HISTOLYTICA, Ac. IgG Anti-;40,00
4677;ENTAMOEBA HISTOLYTICA, Ac. IgM Anti-;40,00
4682;ENTEROCOCOS VANCOMICINA RESISTENTE - PCR;95,00
4691;ENTEROVIRUS - PCR;90,00
4700;ENZIMA CONVERTIDORA de ANGIOTENSINA (ECA);40,00
4709;EPSTEIN BARR, Anti- EBNA (Epstein Barr Nuclear Associated Antigen);40,00
4717;EPSTEIN BARR, detección cuantitativa - PCR;150,00
4726;EPSTEIN BARR, Early Antig. Ac.;30,00
4728;EPSTEIN BARR, detección cualitativa - PCR;90,00
4734;ERITROPOYETINA (EPO);45,00
4738;ESCHERICHIA COLI - ENTEROPATÓGENA - PCR;95,00
4749;ESPERMA, Ac. Anti- ESPERMATOZOIDES (DIRECTO);15,00
4755;ESPERMA, Ac. Anti- ESPERMATOZOIDES (INDIRECTO);15,00
4775;ESPERMA, CÉLULAS REDONDAS CON DIFERENCIACIÓN DE PEROXIDASAS;10,00
4778;ESPERMA, CÉLULAS REDONDAS TOTALES EN SEMEN;5,00
4793;ESPERMA, CONDENSACIÓN NUCLEAR DE LA CROMATINA (Azul Anilina, Tinción);25,00
4811;ESPERMA, DIGESTIÓN EN GELATINA ACROSÓMICA;20,00
4823;ESPERMA, ESPERMATOZOIDES EN ORINA, ESTUDIO DE RETROEYACULACIÓN;10,00
4825;ESPERMA, ESPERMATOZOIDES DE ORINA, RECUPERACIÓN PARA SELECCIÓN DIAGNÓSTICA;60,00
4827;ESPERMA, ESPERMATOZOIDES DE ORINA, RECUPERACIÓN PARA SELECCIÓN EN INSEMINACIÓN;120,00
4838;ESPERMA, HETEROGENEIDAD CROMATÍNICA (NARANJA DE ACRIDINA);20,00
4846;ESPERMA, INDICE DE TERATOZOOSPERMIA;20,00
4858;ESPERMOGRAMA, MODULO I (Espermograma Completo);49,00
4860;ESPERMA - MODULO II;107,00
4868;ESPERMA, MORFOLOGÍA CRITERIO ESTRICTO (OMS 2010 - MORFOLOGÍA KRUGER);10,00
4878;ESPERMA, PRUEBA DE SOBREVIDA ESPERMÁTICA;10,00
4889;ESPERMA, RECUENTO DE ESPERMATOZOIDES;6,00
4923;ESPERMA, SELECCIÓN DE GRADIENTES (DIAGNÓSTICO);60,00
4930;ESPERMA, SELECCIÓN DE GRADIENTES (INSEMINACIÓN);100,00
4941;ESPERMA, SWIM UP (DIAGNÓSTICO);60,00
4949;ESPERMA, SWIM UP (INSEMINACIÓN);100,00
4964;ESPERMA, TEST DE FRAGMENTACIÓN DE ADN ESPERMÁTICO;110,00
4971;ESPERMA, TEST DE HIPERACTIVACIÓN;22,00
4978;ESPERMA, TEST DE MOST;75,00
4985;ESPERMA, TEST HIPOSMÓTICO;8,00
4999;ESTEATOCRITO (Grasas - materia fecal);9,00
5008;ESTIRENO;16,00
5016;ESTRADIOL BIODISPONIBLE (E2 Biodisponible);25,00
5033;ESTRIOL LIBRE - sérico.;35,00
5043;ETIÓN;60,00
5050;EUGLOBULINAS, LISIS de (pre y post-isquemia);15,00
5053;EVEROLIMUS;90,00
5055;EXTASIS - MDMA (Inmunoensayo);45,00
5059;FACTOR de COAGULACIÓN II;35,00
5067;FACTOR de COAGULACIÓN XI;35,00
5076;FACTOR de COAGULACIÓN XII;35,00
5077;FACTOR de COAGULACIÓN XIII;35,00
5085;FACTOR INTRÍNSECO, Ac. Anti-;55,00
5093;FACTOR REUMATOIDEO (Nefelometría);16,00
5102;FACTOR V LEIDEN - PCR;95,00
5116;FACTOR VON WILLEBRAND, Funcional;70,00
5119;FACTOR VON WILLEBRAND (Inmunológico);60,00
5127;FAMPHUR (FAMFUR);60,00
5136;FENCICLIDINA - FENILCICLOHEXILPIPERIDINA -PCP (IFP);20,00
5144;FENETILAMINA - F.E.A.;25,00
5204;FENITOTRIÓN;60,00
5213;FENOLES - urinarios;19,00
5222;FENTANILO - urinario;50,00
5230;FERRITINA;15,00
5238;FIBRINÓGENO, PRODUCTOS DE DEGRADACIÓN (P.D.F.) - urinario;30,00
5247;FIBROSIS QUÍSTICA, 19 MUTACIONES - PCR;310,00
5255;FIBROSIS QUÍSTICA, 29 MUTACIONES - PCR;450,00
5258;FIBROSIS QUÍSTICA, 32 MUTACIONES - PCR;465,00
5265;FIBROSIS QUISTICA, DF508;100,00
5273;FILIACIÓN ESTUDIO DNA EXTRA (por cada uno agregado);200,00
5281;FILIACIÓN ESTUDIO DNA HASTA 3;700,00
5290;FISH WILLIAMS;410,00
5298;FK - 506 - Tacrolimus;60,00
5300;FLAVIVIRUS;90,00
5307;FORATO;60,00
5319;FOSFATASA ÁCIDA LEUCOCITARIA;15,00
5324;FOSFATASA ACIDA PROSTATICA (RIA);19,00
5332;FOSFATASA ÁCIDA TARTRATO RESISTENTE;8,00
5335;FOSFATASA ÁCIDA TARTRATO RESISTENTE LEUC.;12,00
5349;FOSFATASA ALCALINA OSEA (RIA);25,00
5375;FOSFATIDIL COLINA, Ac. IgG Anti-;18,00
5378;FOSFATIDIL COLINA, Ac. IgM Anti-;18,00
5392;FOSFATIDIL GLICEROL, Ac. IgG Anti-;20,00
5409;FOSFATIDIL INOSITOL, Ac. IgG Anti-;18,00
5412;FOSFATIDIL INOSITOL, Ac. IgM Anti-;18,00
5424;FOSFATIDIL SERINA, Ac. IgA Anti-;35,00
5426;FOSFATIDIL SERINA, Ac. IgG ó Ac. Totales Anti-;25,00
5428;FOSFATIDIL SERINA, Ac. IgM Anti-;25,00
5443;FOSFOHEXOSA ISOMERASA, Sérica - PHI;6,00
5452;FOSFOLIPIDOS, Ac. IgG Anti-;20,00
5461;FOSFOLIPIDOS, Ac. IgM Anti-;20,00
5465;FOSFOLIPIDOS, Ac. Totales Anti- (IgA, IgG, IgM);25,00
5469;FREE ANDROGEN INDEX-FAI;30,00
5472;FRIEDRICH, ATAXIA DE;450,00
5478;FRUCTOSA, líquido seminal o sérica o urinaria;10,00
5503;GAD, Ac. Anti- Glutamico Acid Decarboxilase (ÁCIDO GLUTÁMICO DESCARBOXILASA, Ac. Anti-);45,00
5508;GALACTOMANANO de ASPERGILLUS, Ag.;100,00
5512;GALACTOSA 1-URIDIL FOSFOTRANSFERASA;75,00
5520;Gamma-BHC (?-HCH) - gamma-HEXACLORURO de BENCENO - gamma-HEXACLORAN - gamma-LINDANO - gamma-1,2,3,4,5,6-HEXACLOROCICLOHE;60,00
5529;GANGLIOSIDO ASIALO GM1, Ac. Anti-;200,00
5533;GANGLIOSIDO GD 1B, Ac. Anti-;150,00
5537;GANGLIOSIDO GM1, Ac. (IgG + IgM) Anti-;150,00
5541;GANGLIOSIDO QUADROSIALO, GQ1b Ac. IgG;200,00
5546;GANGLIOSIDOS PANEL, Anticuerpos Totales GM1 Asialo, GM2, GD1A, GD1b, GQ1b);900,00
5555;GENOTIPO de Rho (c/u);15,00
5563;GENTAMICINA;25,00
5576;GLIADINA, Ac. IgA Anti- PÉPTIDO DEAMIDADO de (DGP-IgA Anti-);24,00
5583;GLIADINA, Ac. IgG Anti- PÉPTIDO DEAMIDADO de (DGP-IgG Anti-);24,00
5597;GLICEROL, SERICO.;30,00
5606;GLICOFORINA, Citometría de Flujo;30,00
5621;GLICOSAMINOGLICANOS, cuantitativo;70,00
5632;GLOBULINA LIGADORA DE ANDROGENOS Y ESTROGENOS (GLAE / SHBG);22,00
5644;GLOBULINA TRANSPORTADORA DE TIROXINA (TBG);42,00
5649;GLUCOCEREBROSIDASA;140,00
5666;GLUTATIÓN PEROXIDASA (GPO);25,00
5685;HAEMOPHILUS INFLUENZA, Ac. IgG Anti-;40,00
5687;HAEMOPHILUS INFLUENZA, Ac. IgM Anti-;40,00
5691;HAEMOPHILUS INFLUENZAE B, Ag. - plasmático;25,00
5694;HAEMOPHILUS INFLUENZAE B, Ag. - urinario;25,00
5708;HALOPERIDOL;30,00
5715;HAM, PRUEBA DE;10,00
5724;HANTAVIRUS, Ac. IgG Anti-;60,00
5726;HANTAVIRUS, Ac. IgM Anti-;60,00
5743;HELICOBACTER PYLORI, Ac. IgA Anti-;22,00
5751;HELICOBACTER PYLORI, Ac. IgG Anti-;16,00
5760;HELICOBACTER PYLORI, Ac. IgM Anti-;16,00
5777;HELICOBACTER PYLORI (Cultivo - Tipificación).;28,00
5780;HEMATÍES, PRUEBA ELUSIÓN ÁCIDA DE;8,00
5785;HEMOCROMATOSIS, Gen HH - PCR (HEMOCROMATOSIS HEREDITARIA HH - Gen HFE-CROMOSOMA 6);80,00
5787;HEMOCROMATOSIS, MUTACIÓN Gen C282Y - PCR;80,00
5789;HEMOCROMATOSIS, MUTACIÓN Gen H63D - PCR;80,00
5791;HEMOCROMATOSIS, MUTACIÓN Gen S65C - PCR;80,00
5797;HEMOCULTIVO AEROBIOS AUTOMATIZADO (c/u);30,00
5802;HEMOGLOBINA A1 (Hb-A1) Electroforesis;12,00
5811;HEMOGLOBINA A2 (HbA2) (Cromatografía/Intercambio Iónico);20,00
5820;HEMOGLOBINA FETAL;10,00
5828;HEMOGLOBINA S;9,00
5837;HEMOGLOBINURIA PAROXÍSTICA NOCTURNA, DETECCIÓN de - por Citometría de Flujo;175,00
5854;HEMOSIDERINURIA;9,00
5871;HEPARINA, ACTIVIDAD ANTI XA de la (LMWH) - HEPARINA de BAJO PESO MOLECULAR (HBPM).;40,00
5888;HEPATITIS A, Ac. Anti- IgG (HVA IgG) o Ac. Totales (RIA o ELISA);15,00
5896;HEPATITIS B, Ac. Anti-;15,00
5905;HEPATITIS B, Ac. Anti-;18,00
5914;HEPATITIS B, Carga viral;185,00
5931;HEPATITIS B, DNA viral (HBV-DNA) (PCR - Cualitativo);80,00
5939;HEPATITIS C, Ac. Anti- IgM;60,00
5945;HEPATITIS C, Antígeno;60,00
5956;HEPATITIS C, Carga viral (PCR);185,00
5965;HEPATITIS C, Genotipificación (PCR);135,00
5973;HEPATITIS C, LIA;150,00
5982;HEPATITIS C, RNA Cualitativo - PCR;120,00
5990;HEPATITIS DELTA, Ac. IgG ó Totales Anti-;48,00
5993;HEPATITIS DELTA, Ac. IgM Anti-;50,00
6008;HEPATITIS E, Ac. IgG Anti-;30,00
6011;HEPATITIS E - PCR;125,00
6016;HEPTACLORO;60,00
6019;HEPTACLORO HEPOXIDE;60,00
6028;HER 2 / neu - ErbB2;500,00
6034;HERPES SIMPLEX, 1 / 2 - Antic. Totales (IFI);30,00
6037;HERPES SIMPLEX, 1 / 2 - PCR;90,00
6038;HERPES SIMPLEX, 1 / 2 - TIPIFICACIÓN - PCR;130,00
6040;HERPES SIMPLEX 1, Ac. IgA Anti-;22,00
6042;HERPES SIMPLEX 1, Ac. IgG ó Totales Anti-;19,00
6050;HERPES SIMPLEX 1, Ac. IgM Anti-;19,00
6059;HERPES SIMPLEX 2, Ac. IgA Anti-;22,00
6067;HERPES SIMPLEX 2, Ac. IgG ó Totales Anti-;19,00
6076;HERPES SIMPLEX 2, Ac. IgM Anti-;19,00
6084;HERPES SIMPLEX, Ag.;25,00
6093;HERPES VIRUS 6 HUMAN, Ac. IgG (HHV6-IgG) Anti-;37,00
6096;HERPES VIRUS 6 HUMAN, Ac. IgM (HHV6-IgM) Anti-;37,00
6098;HERPES VIRUS 6 HUMAN - PCR;90,00
6100;HERPES VIRUS 6 HUMAN - Carga Viral;150,00
6110;HERPES VIRUS 7, Ac. IgG Anti- HHV;45,00
6113;HERPES VIRUS 7, Ac. IgM Anti- HHV;45,00
6117;HERPES VIRUS 8 - Ac. IgG Anti- HHV;60,00
6118;HERPES VIRUS 8 - Ac. IgM Anti- HHV;60,00
6120;HERPES VIRUS 8 - PCR;90,00
6136;HEXANO;16,00
6144;HEXANODIONA, (2,5-);20,00
6153;HEXOSAMINIDASA TOTAL, A y B;300,00
6170;HIDATIDOSIS, Ac. IgM Anti- (ELISA);25,00
6173;HIDATIDOSIS, Ac. IgM Anti- (IFI);20,00
6183;HIDROCARBUROS ALIFÁTICOS;16,00
6187;HIDROCARBUROS AROMÁTICOS;16,00
6204;HIDROXIPIRENO;20,00
6209;HIERRO, Médula Osea (MO) - TINCIÓN DE PERLS.;12,00
6211;HIERRO, TINCIÓN DE;8,00
6213;HIERRO - Urinario;4,00
6222;HISTAMINA - Plasmática;38,00
6225;HISTAMINA - Urinaria;38,00
6238;HISTONA, Ac. Anti-;30,00
6247;HISTOPLASMA CAPSULATUM, Ac. IgG Anti-;24,00
6255;HISTOPLASMA CAPSULATUM, Ac. IgM Anti-;24,00
6264;HIV - PCR Cualitativo;80,00
6272;HIV 1 ANTI-P-24 (core);34,00
6275;HIV - P-24 (Antigenemia);25,00
6278;HIV - P-24 - HIV 1 y 2 (Combo);20,00
6281;HIV - RESISTENCIA A ANTIRETROVIRALES;400,00
6284;HIV - RESISTENCIA A INHIBIDORES DE INTEGRASA;150,00
6300;HLA A, Molecular;150,00
6303;HLA B, Molecular;150,00
6332;HLA B 27 Molecular;80,00
6337;HLA-B 5701 GENOTIPO, ABACAVIR HIPERSENSIBILIDAD, sangre;200,00
6341;HLA C Molecular;140,00
6401;HLA DQ Molecular;160,00
6409;HLA DR Citometría Flujo;100,00
6426;HLA DR Molecular;150,00
6443;HLA DQA1, DQB1 (DIABETES) PCR;160,00
6445;HLA DQ2-DQ8 (CELIAQUIA) PCR;160,00
6452;HOMOCISTEINA;30,00
6455;HOMOCISTINA, Orina;15,00
6486;HOWELL, TEST (Plasma recalcificado, tiempo de-);5,00
6529;HTLV-1 Ac;25,00
6533;HTLV-1 PCR;100,00
6537;HTLV-I/II (Partículas o ELISA);23,00
6540;HTLV, Confirmatorio (Western Blot);100,00
6554;Hu (ANNA-1) Ac. Anti-;100,00
6560;IA 2, Ac. Anti- (Ac. Anti- TIROSINFOSFATASA 2);50,00
6570;IDENTIFICACIÓN MICROBIOLÓGICA AUTOMATIZADA.;50,00
6572;IDENTIFICACIÓN MICROBIOLÓGICA POR PCR.;50,00
6585;IgA BC - lágrima - INMUNOGLOBULINA A Baja Concentración en lágrima.;20,00
6587;IgA BC - LCR - INMUNOGLOBULINA A Baja Concentración en Líquido cefalo raquideo;8,00
6589;IgA BC - saliva - INMUNOGLOBULINA A Baja Concentración en saliva;8,00
6597;IgE BC - INMUNOGLOBULINA E Baja Concentración.;12,00
6600;IgE BC - lágrimas - INMUNOGLOBULINA E Baja Concentración en lágrima.;20,00
6602;IgE BC - LCR - INMUNOGLOBULINA E Baja Concentración en Líquido Céfalo Raquídeo.;12,00
6606;IgE ESPECÍFICA - INMUNOGLOBULINA E ESPECÍFICA.;13,00
6614;IgE RAST - INMUNOGLOBULINA E - para antibióticos (incluye Penicilinas);20,00
6640;IgG - INMUNOGLOBULINA G, Índice de (LCR/Sérica);28,00
6648;IgG - LCR - INMUNOGLOBULINA G en Líquido Céfalo Raquídeo.;20,00
6652;IgG - INMUNOGLUBULINA G, INTOLERANCIA ALIMENTICIA (c/u);10,00
6657;IgG SUBCLASES- INMUNOGLOBULINA G, Subclases (Módulo 4 Subclases);275,00
6674;IgM, LCR - INMUNOGLOBULINA M, en Líquido Céfalo Raquídeo.;12,00
6676;IgM - INMUNOGLOBULINA M Baja Concentración, en saliva;12,00
6700;INDICAN;5,00
6708;INDICE de INSULINO RESISTENCIA;13,50
6711;INDICE de FUNCIÓN RENAL;3,00
6713;INDICE de LESIÓN RENAL (ABUMINA / CREATININA) - urinario;15,50
6714;INDICE de LESIÓN RENAL (PROTEINAS / CREATININA) - urinario;4,50
6717;INDICE de PRODUCCIÓN RETICULOCITARIA;5,00
6720;INDICE de RESORCIÓN OSEA;5,00
6722;INDICE de RIESGO CARDIOVACULAR;2,00
6725;INFLUENZA A, ANTÍGENO (Ag.);20,00
6728;INFLUENZA A, ANTIGENOS (Ags.) - Material: hisopado nasal / faríngeo / aspirados - PCR;95,00
6730;INFLUENZA A, ANTIGENOS (Ags.) Suptipo H1N1 - Material: hisopado nasal / faríngeo / aspirados;20,00
6732;INFLUENZA A, ANTIGENOS (Ags.) Suptipo H1N1 - Material: hisopado nasal / faríngeo / aspirados - PCR;95,00
6734;INFLUENZA A, Ac. IgG Anti-;16,00
6742;INFLUENZA A, Ac. IgM Anti-;18,00
6751;INFLUENZA B, Ac. IgG Anti-;16,00
6754;INFLUENZA B, ANTIGENOS (Ags.) - Material: hisopado nasal / faríngeo / aspirados PCR;95,00
6760;INFLUENZA B, Ac. IgM Anti-;18,00
6768;INFLUENZA B, ANTÍGENO (Ag.);20,00
6788;INHIBINA B - sérica;100,00
6819;INMUNOCOMPLEJOS CIRCULANTES (CIC);30,00
6848;INMUNOFIJACIÓN - LCR;50,00
6850;INMUNOFIJACIÓN - sérica;50,00
6852;INMUNOFIJACIÓN - urinaria;50,00
6862;INSULINA, Ac. Anti- (Ac. Anti- IAA);35,00
6871;INTERFERON GAMMA;100,00
6879;INTERLEUQUINA (c/u);100,00
6888;IODO, AZIDA Prueba de;9,00
6896;IONOGRAMA - materia fecal;7,00
6898;IRREGULARES ANTICUERPOS, Identificación.;15,00
6905;ISLOTE LANGERHANS PANCREÁTICOS, Ac. Anti- (ICA);25,00
6912;JO-1, Ac. Anti-;25,00
6919;KETAMINA - urinaria;50,00
6925;KREMER, TEST DE;25,00
6930;LA, Ac. Anti- (LA/SSB);15,00
6932;LACTOCRITO;8,00
6936;LACTOFERRINA.;14,00
6939;LACTOSA, TOLERANCIA A LA;7,50
6947;LC-1, Ac. Anti-;20,00
6956;LEGIONELLA PNEUMOPHILA, Ac. IgG Anti-;20,00
6958;LEGIONELLA PNEUMOPHILA, Ac. IgM Anti-;20,00
6975;LEISHMANIA, Ac. Anti-;25,00
6978;LEISHMANIA - PCR;95,00
6982;LEPTINA;50,00
6990;LEPTOSPIRA, Ac. Anti- (ELISA / IFI);19,00
6999;LEPTOSPIRA, Ac. Anti- (HAI / macroaglutinación);20,00
7007;LEPTOSPIRA, Ac. IgM Anti-;30,00
7010;LEPTOSPIRA (Confirmatorio - Microaglutinación);28,00
7013;LEPTOSPIRA (cultivo);20,00
7064;LEVADURAS TIPIFICACIÓN;30,00
7076;LEVODOPA - sérica;28,00
7079;LEVODOPA - urinaria;28,00
7119;LINDANE;60,00
7170;LIPASA - urinaria (Lipasuria);4,00
7187;LIPOPROTEINA a - Lp(a);20,00
7210;LISOZIMA;20,00
7230;LISTERIA, CULTIVO;12,00
7240;LISTERIA, Ac. IgM Anti-;12,00
7242;LISTERIA - PCR;80,00
7260;LIXITOL;60,00
7262;LKM, Ac. Anti-;20,00
7270;LYNCH, SINDROME DE - GEN MLH1 (MYH);2.300,00
7271;LYNCH, SINDROME DE - GEN MSH2 SECUENCIACIÓN COMPLETA (M2Y);1.600,00
7273;LYNCH, SINDROME DE - GEN MSH6 (M6Y);1.800,00
7274;LYNCH, SINDROME DE - GEN PMS2 (M3Y);1.850,00
7275;LYNCH, SINDROME DE - GEN (MLH1, MSH2, MSH6, PMS2);5.700,00
7278;MACROAMILASA;25,00
7284;MACRO CK;14,00
7289;MACROPROLACTINEMIA;30,00
7300;MAGNESIO - eritrocitario;20,00
7304;MAGNESIO - pelo;30,00
7315;MAG-SGPG, Ac. IgM;120,00
7319;MALATION;60,00
7324;MALÓN DIALDEHIDO - TBARS;19,00
7338;MANGANESO - pelo;30,00
7341;MANGANESO - sérico;20,00
7343;MANGANESO - urinario;20,00
7349;MAO plaquetario;60,00
7353;MARCADORES PRONOSTICOS de LLC (Citometría de flujo);154,00
7366;MEMBRANA BASAL, Ac. Anti-;8,00
7375;MERCURIO - pelo (Hg-pelo);35,00
7392;METACUALONA;24,00
7401;METADONA (FPIA);22,00
7409;METAHEMOGLOBINA;10,00
7426;METANEFRINAS LIBRES - plasmáticas;25,00
7435;METANOL - sangre;25,00
7439;METAPNEUMOVIRUS HUMANO, Ag. (hMPV);40,00
7440;METAPNEUMOVIRUS HUMANO, Ag. (hMPV) - PCR;95,00
7443;METIL ETIL CETONA;25,00
7449;METIL PARATHION;60,00
7454;METIL-TRITIÓN;60,00
7460;METILENTETRAHIDROFOLATO REDUCTASA (MTHRT)- PCR;75,00
7477;METIONINA - PRUEBA DE SOBRECARGA (dos determinaciones);40,00
7486;METOTREXATO;40,00
7489;MICOLOGÍA, CULTIVO DE HONGOS PRODUCTORES DE MICOSIS PROFUNDAS O SISTÉMICAS.;15,00
7490;MICOLOGÍA, IDENTIFICACIÓN DE HONGOS PRODUCTORES DE MICOSIS PROFUNDAS O SISTÉMICAS.;15,00
7491;MICOLOGÍA, PRUEBA DE SENSIBILIDAD A ANTIFÚNGICOS.;15,00
7503;MICROGLOBULINA BETA 2;18,00
7520;MICROSPORIDIA INVESTIGACIÓN;15,00
7527;MIELOPEROXIDASA, Ac. Ant- (Inmunológica);70,00
7529;MIELOPEROXIDASA, (Citoquímica);15,00
7537;MIOCARDIO, Ac. Anti-;8,00
7546;MIOGLOBINA - sérica;13,00
7550;MIOGLOBINA - urinaria;15,00
7571;MITOCONDRIAL M2, Ac. Anti- (AMA M2);27,00
7580;MONOSACÁRIDOS (Cromatografía);25,00
7597;MOPEG (3-METOXI, 4-HIDROXI- FENIL ETIL GLICOL);20,00
7606;MUCOPOLISACARIDOS - urinarios (cuantitativo);65,00
7614;MUCOSA GÁSTRICA, Ac. Anti- (CELULAS PARIETALES Ac. Anti- (IFI);19,00
7621;MUCOSEMEN CRUZADO (método microscópico);26,00
7631;MUSCULO ESTRIADO, Ac. Anti-;12,00
7636;MuSK, Ac. Anti-;220,00
7640;MUTACIONES EN EL DOMINIO TK DEL TRANSCRIPTO BCR-AB;500,00
7657;MYCOBACTERIA Sp, HEMOCULTIVO;17,00
7660;MYCOBACTERIA ATÍPICA - PCR;90,00
7669;MYCOBACTERIUM TUBERCULOSIS, DNA - PCR;70,00
7691;MYCOPLASMA - UREAPLASMA, Ac. Anti-;35,00
7700;MYCOPLASMA - UREAPLASMA, CULTIVO;25,00
7708;MYCOPLASMA HOMINIS, CULTIVO - Aislamiento;25,00
7717;MYCOPLASMA PNEUMONIAE, Ac. IgM Anti-;18,00
7725;MYCOPLASMA PNEUMONIAE, ANTÍGENO (Ag);20,00
7736;MYCOPLASMA PNEUMONIAE - PCR;90,00
7742;N,N-DIMETILTRIPTAMINA;24,00
7751;NEONATAL, 17-HIDROXIPROGESTERONA (17-HO-Pg-Neo);9,00
7759;NEONATAL, BIOTINIDASA;7,00
7768;NEONATAL, GALACTOSEMIA;7,00
7773;NEONATAL, LEUCINA;12,00
7777;NEONATAL, T.I.R. (TRIPSINA INMUNOREATIVA);8,00
7785;NEONATAL, T.S.H.;7,00
7794;NEUMOCOCO, Ac. Anti-;100,00
7802;NEURON SPECIFIC ENOLASE - NSE;39,00
7828;NIQUEL URINARIO (Ni urinario);20,00
7836;NITRÓGENO NO PROTEICO;3,00
7840;NMDA, Ac. IgG Anti- RECEPTOR - LCR;80,00
7841;NMDA, Ac. IgG Anti- RECEPTOR - sangre;80,00
7845;NORMETANEFRINA - urinaria;25,00
7849;NOROVIRUS;111,00
7853;NORTRIPTILINA - sérica;19,00
7862;N TELOPÉPTIDOS - COLÁGENO TIPO I (NTX);30,00
7871;NUCLEOLO, Ac. Anti-;15,00
7882;OPIACEOS - CONFIRMATORIO;120,00
7905;ORTO CRESOL (2-metilfenol);20,00
7913;ORTO METIL BUFOTENINA;24,00
7919;ORTO,O,O - TIETILFOSFOROTOATO;60,00
7926;OSMOLALIDAD - urinaria;5,00
7939;OSTEOCALCINA;25,00
7947;OVARIO, Ac. Anti-;80,00
7964;OXICODON A - urinaria;40,00
7999;PANEL HEPÁTICO INMUNOLÓGICO;150,00
8009;PAPILOMA VIRUS HUMANO - HPV (Carga viral);160,00
8011;PAPILOMA VIRUS HUMANO - HPV (Genotipificación - PCR + Hibridización);110,00
8018;PAPP-A (PROTEÍNA A PLASMÁTICA ASOCIADA A EMBARAZO);40,00
8127;PARACOCCIDIOIDES SPP, Ac. Anti- Totales;29,00
8135;PARAINFLUENZA I, Ac. Anti-;18,00
8137;PARAINFLUENZA I, Ac. IgM Anti-;18,00
8139;PARAINFLUENZA I, Ag.;20,00
8142;PARAINFLUENZA II, Ac. Anti-;18,00
8144;PARAINFLUENZA II, Ac. IgM Anti-;18,00
8146;PARAINFLUENZA II, Ag.;20,00
8149;PARAINFLUENZA III, Ac. Anti-;18,00
8151;PARAINFLUENZA III, Ac. IgM Anti-;18,00
8153;PARAINFLUENZA III, Ag.;20,00
8156;PARANITROFENOL;20,00
8158;PARÁSITOS - biopsias o líquidos de punción;25,00
8161;PARATHORMONA (PTH) (MOLECULA MEDIA);19,00
8170;PARATIÓN;60,00
8178;PAROTIDITIS, Ac. IgG Anti-;15,00
8187;PAROTIDITIS, Ac. IgM Anti-;16,00
8195;PAROTIDITIS, Ac. especif. por FC;20,00
8229;PARVOVIRUS, Ac. IgG Anti-;40,00
8238;PARVOVIRUS, Ac. IgM Anti-;45,00
8241;PARVOVIRUS B19 - PCR;90,00
8250;PENFIGOIDE Ac. Anti- (MEMBRANA BASAL EN PIEL Ac. Anti-);60,00
8272;PENTACLOROFENOL;18,00
8281;PEPTIDO C;18,00
8284;PÉPTIDO CITRULINADO CICLICO - Ac. Anti- IgG (Ac. Anti- CCP / PCC);50,00
8286;PEPTIDO INTESTINAL VASOACTIVO (VIP);220,00
8289;PÉPTIDO PROCOLÁGENO;18,00
8298;PERFIL LIPIDICO;13,00
8304;PERFIL MINERAL - en cabello;200,00
8306;PERFIL MINERAL - en orina;200,00
8315;PEROXIDASA TIROIDEO, Ac. Anti- (ATPO / TPO);12,00
8327;PESTICIDAS NITROGENADOS - c/u;60,00
8332;PESTICIDAS ORGANOCLORADOS (plaguicidas), urinarios;60,00
8337;PESTICIDAS ORGANOFOSFORADOS (plaguicidas - parathion) - plasmáticos;60,00
8348;PIRIDINOLINA;28,00
8358;PLAQUETARIA ADHESIVIDAD;20,00
8366;PLAQUETARIA AGREGACIÓN (con 6 inductores);120,00
8379;PLASMA RICO EN PLAQUETAS, PREPARACIÓN DE (PRP);120,00
8383;PLASMINÓGENO;38,00
8385;PLASMINÓGENO, ACTIVADOR TISULAR de - t-PA (Biológico-Inmunológico) : t-PA;75,00
8387;PLASMINÓGENO, INHIBIDOR del ACTIVADOR TISULAR del (PAI - AIP) (Molecular) : PAI 4G/5G;90,00
8393;PLASMODIUM SP, Antígeno.;16,00
8397;PLATA (Ag) - sérica;20,00
8400;PLATA (Ag) - urinaria;20,00
8409;PLOMO (Pb) - pelo;30,00
8426;PNEUMOCYSTIS CARINII, IFD;15,00
8435;PODER BACTERICIDA DEL SUERO (PBS);20,00
8440;PODER INHIBITORIO DEL SUERO (P.I.S.);20,00
8446;POLICLOROBIFENILOS;45,00
8450;POLIMORFISMO IL 28B;311,00
8460;POLIMORFONUCLEARES, Quimiotáxis;35,00
8463;POLIOMAVIRUS BK, Carga viral - sangre u orina;150,00
8464;POLIOMAVIRUS BK, PCR - sangre u orina;110,00
8466;POLIOMAVIRUS JC, Carga viral - sangre u orina;150,00
8467;POLIOMAVIRUS JC, PCR - LCR;106,00
8486;PORFIRINAS - séricas;12,00
8489;PORFIRINAS, INDICE de - plasmáticas;25,00
8493;PORFIRINAS TOTALES - eritrocitarias;15,00
8529;PORFOBILINÓGENO (Cuantitativo) - urinario;18,00
8546;PREALBÚMINA;10,00
8554;Pro BNP - proHORMONA PEPTIDO NATRIURÉTICO CEREBRAL N-Terminal (NT-ProBNP);95,00
8563;PROCALCITONINA;75,00
8580;PROGESTERONA 17-HIDROXI (17-OH-Pg);15,00
8584;PROMETRYN;60,00
8588;PROPAZINA;60,00
8597;PROPOXIFENO - NORPROPOXIFENO;23,00
8606;PROTEÍNA BÁSICA de MIELINA;120,00
8614;PROTEÍNA C FUNCIONAL - Cromogénico;45,00
8623;PROTEÍNA C REACTIVA - ULTRASENSIBLE (PCRus);12,00
8631;PROTEÍNA S Libre = Inmunoturbidimétrio;45,00
8640;PROTEÍNA S Total;45,00
8648;PROTEÍNA S Funcional = coagulométrico;85,00
8656;PROTEINASA 3 (PR3), Ac. Anti-;50,00
8682;PROTOPORFIRINA ERITROCITARIA LIBRE (FEP), ZINC PROTOPORFIRINA (ZPP o ZP);12,00
8691;PROTROMBINA 20.210;95,00
8710;PSEUDOMONAS, Ac. Anti-;70,00
8734;QUERATINOCITOS (PIEL) Ac. Anti-;90,00
8768;QUINIDINA;20,00
8780;REARREGLO DEL IGH/FGFR3, Estudio para (FISH);410,00
8783;REARREGLO DEL IGH/MAF, Estudio para (FISH);410,00
8794;REARREGLO DEL TcR (citrometría de flujo);300,00
8800;RECEPTOR de FSH, Ac. Anti- (RFSH);120,00
8802;RECEPTOR de TSH, Ac. Anti- (TRAB's o TRAB o TBII);40,00
8813;RECEPTORES HORMONALES INDICE DE PROLIFERACIÓN;50,00
8816;RECEPTOR SOLUBLE DE TRANSFERRINA (sTRF);39,00
8819;RENINA-ANGIOTENSINA / RENINA ACTIVA;18,00
8828;RESISTENCIA a la PROTEINA C ACTIVADA;40,00
8836;RETICULINA, Ac. Anti- (ARA);10,00
8853;Ri (ANNA-2), Ac. Anti- (NEURONAL NUCLEAR-2);100,00
8860;RIBOSOMAL, Ac. Anti- Proteina P (Anti-Riv P);45,00
8870;RICKETTSIAS PROWAZEKII, Ac. IgG Anti-;45,00
8874;RICKETTSIAS TYPHI, Ac. IgG Anti-;45,00
8878;RINOVIRUS, Ag.;22,00
8882;RISPERIDONA;60,00
8896;RNP, Ac. Anti- (RIBONUCLEOPROTEINAS);16,00
8905;Ro, Ac. Anti- (Ro/SSA);15,00
8918;ROSA de BENGALA;8,00
8930;ROTAVIRUS - AG -AC- MN (ELISA);32,00
8934;ROTAVIRUS - AcC-;40,00
8939;ROTAVIRUS, Ag.;22,00
8947;SACAROSA;12,00
8954;SACCHAROMYSES CEREVISIAE, Ac. Anti- IgA (ASCA);50,00
8956;SACCHAROMYSES CEREVISIAE, Ac. Anti- IgG (ASCA);50,00
8977;SANGRIA, TIEMPO DE - Método de Ivy;10,00
8982;SARAMPION, Ac. IgG Anti-;15,00
8990;SARAMPION, Ac. IgM Anti-;16,00
8999;SCLERODERMIA - SCL 70, Ac. Anti-;20,00
9007;SCORE de MOCO;10,00
9016;SELENIO (AA) - sérico;20,00
9019;SELENIO - urinario;20,00
9026;SENSIBILIDAD ALIMENTARIA, PANEL de Ac. IgG Anti-;80,00
9030;SERINA - plasmática;50,00
9032;SERINA - plasmática - (PANEO COMPLETO);220,00
9039;SEROTONINA, GEN TRANSPORTADOR de;97,00
9041;SEROTONINA - plaquetaria;120,00
9045;SEROTONINA - urinaria;24,00
9058;SILICIO - esputo;20,00
9067;SIMANZINA;60,00
9076;SINCICIAL RESPIRATORIO, Ac. IgG Anti-;17,00
9084;SINCICIAL RESPIRATORIO, Ac. IgM Anti-;17,00
9093;SINCICIAL RESPIRATORIO, ANTIGENO (Ag.);22,00
9101;SÍNDROMES LINFOPROLIFERATIVOS - FENOTIPIFICACIÓN (Inmunotipificación);300,00
9102;SÍNDROMES MIELOPROLIFERATIVOS - FENOTIPIFICACIÓN.- Jak 2 (JANUS QUINASA 2) - mutación: V617F;300,00
9103;SÍNDROMES MIELOPROLIFERATIVOS - FENOTIPIFICACIÓN.- Jak 2 (JANUS QUINASA 2) ? secuenciación exón 12;300,00
9104;SÍNDROMES MIELOPROLIFERATIVOS - FENOTIPIFICACIÓN.- MPL (cada mutación);300,00
9105;SIROLIMUS, DROGA CITOSTÁTICA - RAPAMICINA;70,00
9110;SM, Ac. Anti-;15,00
9118;SOMATOMEDINA C- IGFB1;35,00
9120;SOMATOMEDINA - IGFBP-3 - (Insulin Like Growth Factor Bind, Prot 3);60,00
9127;SREPTOCOCCUS BETA-HEMOLÍTICO Grupo B - Prenatal (anal/vaginal);18,00
9129;STAPHYLOCOCCUS AUREUS METICILINO RESISTENTE - PCR o similar;90,00
9132;STREPTOCOCCUS GRUPO B, Ag. - sérico;25,00
9135;STREPTOCOCCUS GRUPO B, Ag. - urinario;25,00
9157;STREPTOCOCCUS PNEUMONIAE, Ag. - esputo;25,00
9161;STREPTOCOCCUS PNEUMONIAE, Ag. - sérico;25,00
9164;STREPTOCOCCUS PNEUMONIAE, Ag. - urinario;25,00
9170;STREPTOCOCCUS PNEUMONIAE - PCR;90,00
9180;STREPTOZYME, TEST (ESTREPTOZIMA);15,00
9204;SUCCINIL PURINAS;150,00
9212;SUCROSA, TEST DE;10,00
9223;SUDOR, TEST CONFIRMATORIO.;50,00
9238;SULFATOS - urinarios;15,00
9246;SULFOTEP;60,00
9255;SUPERÓXIDO DISMUTASA (S.O.D.) - sérica;30,00
9265;SUSTANCIA INTERCELULAR Ac Anti;60,00
9270;TAENIA SOLIUM - Ac. Anti- IgG;50,00
9306;Tdt - Citometría de Flujo;30,00
9309;TERBUITRYN;60,00
9311;TERBUTHYLAZINA;60,00
9314;TEST de DESENSIBILIZACIÓN TESTICULAR;110,00
9332;TEST de NITRO BLUE TETRAZOLIUM con Estimulación (Test - NBTS);34,00
9349;TEST DE NITRO BLUE TETRAZOLIUM (Test - NBT);34,00
9366;TESTOSTERONA DEHIDRO (DHT);25,00
9375;TESTOSTERONA LIBRE (To-L);15,00
9383;TESTOSTERONA - urinaria;15,00
9409;TIOCIANATOS - urinarios;12,00
9417;TIOCIANATOS - séricos;12,00
9426;TIONACINA;60,00
9434;TIOSULFATOS - urinarios;8,00
9443;TIROGLOBULINA (TGs);15,00
9477;TIROSINA (Aminoácido - A. Ác.);16,00
9503;TOXINA SHIGA o VEROTOXINAS - ESCHERICCIA COLI (c/u) - PCR;80,00
9511;TOXOCARA CANIS, Ac. IgG Anti-;26,00
9514;TOXOCARA CANIS, Ac. IgM Anti-;30,00
9538;TOXOIDE TETÁNICO, Ac. Anti-;90,00
9561;TOXOPLASMOSIS, Ac. IgA Anti-;30,00
9571;TOXOPLASMOSIS, Ac. IgG Anti- (ELISA);10,00
9575;TOXOPLASMOSIS, Ac. IgG Anti- (Test de avidez);30,00
9580;TOXOPLASMOSIS, Ac. IgM Anti- (ELISA);14,00
9588;TOXOPLASMOSIS, Ac. IgM Anti- (IFI);8,00
9591;TOXOPLASMOSIS - PCR;70,00
9622;TRANSGLUTAMINASA, Ac. IgA Anti- (TGA);23,00
9631;TRANSGLUTAMINASA, Ac. IgG Anti- (TGG);23,00
9637;TRANSLOCACIÓN, varias - cualitativa (c/u);220,00
9642;TRANSLOCACIÓN, varios - cuantitativa (c/u);360,00
9644;TREPONEMA PALLIDUM, FTA ABS, Ac. IgM Anti-;10,00
9647;TRICHINELLA SPIRALIS, Ac. IgG Anti-/Ac. Totales;35,00
9649;TRICHINELLA SPIRALIS, Ac. IgM Anti-;35,00
9657;TRICLOROETANOL;12,00
9661;TRIIODOTIRONINA Libre (T3L);10,00
9672;TRIPLE TEST;90,00
9691;TRIPTOFANO;18,00
9716;TROMBOFILIA, Panel básico;230,00
9725;TROPONINA I -TnI;17,00
9734;TROPONINA T (cualitativo) - TnT-cuali;17,00
9735;TROPONINA T (cuantitativo) TnT-cuanti;25,00
9768;UROPORFIRINAS - materia fecal;15,00
9787;VAGINAL, BALANCE DEL CONTENIDO (BACOVA);6,00
9790;VANADIO, plasmático o uriniario.;20,00
9793;VANCOMICINA;23,00
9810;VARICELA ZOSTER, Ac. IgM Anti-;25,00
9819;VARICELA ZOSTER, Ac. IgG Anti-;17,00
9828;VARICELA ZOSTER, Ag.;30,00
9834;VARICELA ZOSTER - DNA (PCR);70,00
9846;VIGABATRINA;30,00
9853;VIRUS-JUNIN, Ac. Anti- IgG (FHA);30,00
9858;VIRUS-JUNIN, Ac. Anti- IgM (FHA);30,00
9879;VITAMINA B1 (TIAMINA);30,00
9887;VITAMINA B6 (PIRIDOXINA);37,00
9896;VITAMINA C (líquido seminal);30,00
9898;VITAMINA C (plaquetaria);30,00
9905;VITAMINA D (1,25-DIHIDROXICOLECALCIFEROL O CALCITRIOL - 1,25-VITAMINA D;75,00
9909;VITAMINA D2 + D3 (ERGOCALCIFEROL + 25-HIDROXICALCIFEROL O COLECALCIFEROL);40,00
9913;VITAMINA D3 (25-HIDROXICALCIFEROL O COLECALCIFEROL);37,00
9930;VLDL-COLESTEROL, LIPOPROTEINA DE MUY BAJA DENSIDAD.;4,00
9939;XANTINA;10,00
9960;Yo (PCA-1), Ac. Anti-;100,00
9973;ZAP 70;105,00
9978;ZIKA, virus (PCR);100,00
9984;ZINC - pelo (Zn-pelo);20,00
9987;ZINC - semen (Zn-semen);25,00
9990;ZINC - urinario (Zn-urinario);20,00
